symbol,timestamp,coin_name,message,error,opening_price,opening_price_time,closing_price,highest_price,lowest_price,highest_gain_percent,lowest_gain_percent,highest_price_time_min,lowest_price_time_min,data_points_count,analysis_period,price_data_saved
SERAPHUSDT,2025-06-09 12:00:00+00:00,SERAPH,$SERAPH added to Binance alpha projects,not currently listed on Binance futures,,,,,,,,,,,,
OLUSDT,2025-06-08 06:00:00+00:00,OL,$OL added to Binance alpha projects,not currently listed on Binance futures,,,,,,,,,,,,
ABUSDT,2025-06-07 06:00:00+00:00,AB,$AB added to Binance alpha projects,not currently listed on Binance futures,,,,,,,,,,,,
HOMEUSDT,2025-06-06 12:10:37+00:00,HOME,$HOME added to Binance alpha projects,,0.025,2025-06-10T11:30:00+00:00,0.037312,0.042688,0.018363,70.75,-26.55,2855.0,290.0,576.0,48 hours from listing (5m intervals),HOMEUSDT.json
SKATEUSDT,2025-06-06 05:30:09+00:00,SKATE,$SKATE listed on Binance alpha and futures,,0.0756,2025-06-09T10:30:00+00:00,0.04954,0.0784,0.04746,3.7,-37.22,0.0,2195.0,576.0,48 hours from listing (5m intervals),SKATEUSDT.json
CUDISUSDT,2025-06-05 10:05:00+00:00,CUDIS,$CUDIS added to Binance alpha projects,not currently listed on Binance futures,,,,,,,,,,,,
POKTUSDT,2025-06-04 13:45:00+00:00,POKT,$POKT added to Binance alpha projects,not currently listed on Binance futures,,,,,,,,,,,,
CAUSDT,2025-06-04 13:45:00+00:00,CA,$CA added to Binance alpha projects,not currently listed on Binance futures,,,,,,,,,,,,
FLYUSDT,2025-06-04 09:17:43+00:00,FLY,$FLY added to Binance alpha projects,not currently listed on Binance futures,,,,,,,,,,,,
RESOLVUSDT,2025-06-04 07:00:07+00:00,RESOLV,$RESOLV listed on Binance alpha and futures,,0.20204,2025-06-10T13:30:00+00:00,0.3138,0.412,0.17264,103.92,-14.55,1655.0,10.0,576.0,48 hours from listing (5m intervals),RESOLVUSDT.json
LAUSDT,2025-06-03 10:30:39+00:00,LA,$LA added to Binance alpha projects,,1.039,2025-06-05T09:00:00+00:00,1.188,1.794,0.988,72.67,-4.91,985.0,0.0,576.0,48 hours from listing (5m intervals),LAUSDT.json
ZRCUSDT,2025-06-03 08:30:00+00:00,ZRC,$ZRC added to Binance alpha projects,not currently listed on Binance futures,,,,,,,,,,,,
SQDUSDT,2025-06-02 13:00:00+00:00,SQD,$SQD added to Binance alpha projects,,0.22751,2025-06-11T12:45:00+00:00,0.2432,0.2935,0.21718,29.01,-4.54,220.0,2215.0,576.0,48 hours from listing (5m intervals),SQDUSDT.json
TAIKOUSDT,2025-05-31 06:00:00+00:00,TAIKO,$TAIKO added to Binance alpha projects,,0.5021,2025-06-11T12:30:00+00:00,0.4752,0.5757,0.4633,14.66,-7.73,210.0,2745.0,576.0,48 hours from listing (5m intervals),TAIKOUSDT.json
BDXNUSDT,2025-05-30 09:35:07+00:00,BDXN,$BDXN listed on Binance alpha and futures,,0.1,2025-06-03T10:30:00+00:00,0.05405,0.10043,0.05301,0.43,-46.99,0.0,2870.0,576.0,48 hours from listing (5m intervals),BDXNUSDT.json
EDGENUSDT,2025-05-30 03:28:03+00:00,EDGEN,$EDGEN added to Binance alpha projects,not currently listed on Binance futures,,,,,,,,,,,,
RDOUSDT,2025-05-29 10:05:00+00:00,RDO,$RDO added to Binance alpha projects,not currently listed on Binance futures,,,,,,,,,,,,
ASRRUSDT,2025-05-29 06:10:49+00:00,ASRR,$ASRR added to Binance alpha projects,not currently listed on Binance futures,,,,,,,,,,,,
ELDEUSDT,2025-05-27 10:05:00+00:00,ELDE,$ELDE added to Binance alpha projects,not currently listed on Binance futures,,,,,,,,,,,,
PFVSUSDT,2025-05-26 09:40:39+00:00,PFVS,$PFVS added to Binance alpha projects,not currently listed on Binance futures,,,,,,,,,,,,
OBTUSDT,2025-05-24 08:00:00+00:00,OBT,$OBT added to Binance alpha projects,not currently listed on Binance futures,,,,,,,,,,,,
SOPHUSDT,2025-05-23 12:07:30+00:00,SOPH,$SOPH listed on Binance alpha and futures,,0.092,2025-05-28T13:00:00+00:00,0.053922,0.092,0.050165,0.0,-45.47,0.0,2675.0,576.0,48 hours from listing (5m intervals),SOPHUSDT.json
HUMAUSDT,2025-05-22 06:02:37+00:00,HUMA,$HUMA added to Binance alpha projects,,0.08413,2025-05-26T13:00:00+00:00,0.054779,0.0999,0.053887,18.74,-35.95,0.0,2530.0,576.0,48 hours from listing (5m intervals),HUMAUSDT.json
BUSDT,2025-05-21 11:00:00+00:00,B,$B added to Binance alpha projects,,0.24,2025-05-22T16:30:00+00:00,0.3261,0.342,0.12616,42.5,-47.43,2555.0,1115.0,576.0,48 hours from listing (5m intervals),BUSDT.json
MERLUSDT,2025-05-20 09:00:00+00:00,MERL,$MERL added to Binance alpha projects,,0.156,2025-05-29T08:30:00+00:00,0.1137,0.156,0.10885,0.0,-30.22,0.0,2385.0,576.0,48 hours from listing (5m intervals),MERLUSDT.json
TGTUSDT,2025-05-20 05:59:45+00:00,TGT,$TGT added to Binance alpha projects,not currently listed on Binance futures,,,,,,,,,,,,
XTERUSDT,2025-05-19 08:00:00+00:00,XTER,$XTER added to Binance alpha projects,not currently listed on Binance futures,,,,,,,,,,,,
SOONUSDT,2025-05-19 06:02:13+00:00,SOON,$SOON added to Binance alpha projects,,0.4908,2025-05-23T08:30:00+00:00,0.41145,0.645,0.38827,31.42,-20.89,95.0,2180.0,576.0,48 hours from listing (5m intervals),SOONUSDT.json
REXUSDT,2025-05-17 06:10:00+00:00,REX,$REX added to Binance alpha projects,not currently listed on Binance futures,,,,,,,,,,,,
MIRAIUSDT,2025-05-16 10:00:00+00:00,MIRAI,$MIRAI added to Binance alpha projects,not currently listed on Binance futures,,,,,,,,,,,,
AGTUSDT,2025-05-16 09:05:00+00:00,AGT,$AGT added to Binance alpha projects,,0.029571,2025-05-20T10:30:00+00:00,0.032409,0.035924,0.026961,21.48,-8.83,2280.0,2450.0,576.0,48 hours from listing (5m intervals),AGTUSDT.json
NSUSDT,2025-05-16 04:00:00+00:00,NS,$NS added to Binance alpha projects,not currently listed on Binance futures,,,,,,,,,,,,
PORT3USDT,2025-05-14 12:55:00+00:00,PORT3,$PORT3 added to Binance alpha projects,,0.04831,2025-06-04T08:45:00+00:00,0.04617,0.05558,0.04461,15.05,-7.66,40.0,2505.0,576.0,48 hours from listing (5m intervals),PORT3USDT.json
PRAIUSDT,2025-05-14 12:05:00+00:00,PRAI,$PRAI added to Binance alpha projects,not currently listed on Binance futures,,,,,,,,,,,,
HIPPOUSDT,2025-05-14 09:30:00+00:00,HIPPO,$HIPPO added to Binance alpha projects,,0.0222,2024-11-13T12:30:00+00:00,0.02636,0.0274,0.01645,23.42,-25.9,2755.0,840.0,576.0,48 hours from listing (5m intervals),HIPPOUSDT.json
BLUEUSDT,2025-05-14 07:30:00+00:00,BLUE,$BLUE added to Binance alpha projects,not currently listed on Binance futures,,,,,,,,,,,,
NAVXUSDT,2025-05-13 13:30:31+00:00,NAVX,$NAVX added to Binance alpha projects,not currently listed on Binance futures,,,,,,,,,,,,
SCAUSDT,2025-05-13 10:20:00+00:00,SCA,$SCA added to Binance alpha projects,not currently listed on Binance futures,,,,,,,,,,,,
RDACUSDT,2025-05-12 11:00:23+00:00,RDAC,$RDAC added to Binance alpha projects,not currently listed on Binance futures,,,,,,,,,,,,
PUFFERUSDT,2025-05-12 08:00:00+00:00,PUFFER,$PUFFER added to Binance alpha projects,,0.23047,2025-06-04T08:30:00+00:00,0.1932,0.23481,0.18581,1.88,-19.38,0.0,2625.0,576.0,48 hours from listing (5m intervals),PUFFERUSDT.json
NXPCUSDT,2025-05-12 07:21:24+00:00,NXPC,$NXPC added to Binance alpha projects,,2.184,2025-05-15T06:30:00+00:00,2.31711,3.64,2.13188,66.67,-2.39,150.0,0.0,576.0,48 hours from listing (5m intervals),NXPCUSDT.json
GOATUSDT,2025-05-11 08:35:00+00:00,GOAT,$GOAT added to Binance alpha projects,,0.7678,2024-10-24T13:30:00+00:00,0.8194,0.8845,0.6135,15.2,-20.1,2570.0,1585.0,576.0,48 hours from listing (5m intervals),GOATUSDT.json
MOODENGUSDT,2025-05-11 08:35:00+00:00,MOODENG,$MOODENG added to Binance alpha projects,,0.16443,2024-10-25T10:00:00+00:00,0.21952,0.27,0.15193,64.2,-7.6,2310.0,35.0,576.0,48 hours from listing (5m intervals),MOODENGUSDT.json
GORILLAUSDT,2025-05-08 06:45:00+00:00,GORILLA,$GORILLA added to Binance alpha projects,not currently listed on Binance futures,,,,,,,,,,,,
DOODUSDT,2025-05-07 11:13:17+00:00,DOOD,$DOOD listed on Binance alpha and futures,,0.0085694,2025-05-09T13:30:00+00:00,0.0069573,0.0092769,0.006605,8.26,-22.92,495.0,80.0,576.0,48 hours from listing (5m intervals),DOODUSDT.json
OBOLUSDT,2025-05-07 10:00:00+00:00,OBOL,$OBOL added to Binance alpha projects,,0.422,2025-05-07T10:30:00+00:00,0.26563,0.44,0.23796,4.27,-43.61,0.0,2110.0,576.0,48 hours from listing (5m intervals),OBOLUSDT.json
ZKJUSDT,2025-05-07 06:00:00+00:00,ZKJ,$ZKJ added to Binance alpha projects,,2.11,2025-05-13T09:30:00+00:00,2.055,2.248,2.044,6.54,-3.13,0.0,1650.0,576.0,48 hours from listing (5m intervals),ZKJUSDT.json
MYXUSDT,2025-05-06 10:20:00+00:00,MYX,$MYX added to Binance alpha projects,not currently listed on Binance futures,,,,,,,,,,,,
DONKEYUSDT,2025-05-05 15:10:00+00:00,DONKEY,$DONKEY added to Binance alpha projects,not currently listed on Binance futures,,,,,,,,,,,,
JAGERUSDT,2025-05-05 15:10:00+00:00,JAGER,$JAGER added to Binance alpha projects,not currently listed on Binance futures,,,,,,,,,,,,
SXTUSDT,2025-05-05 13:37:35+00:00,SXT,$SXT added to Binance alpha projects,,0.5355,2025-05-02T08:30:00+00:00,0.28509,0.7732,0.27578,44.39,-48.5,5.0,2830.0,576.0,48 hours from listing (5m intervals),SXTUSDT.json
BOOPUSDT,2025-05-05 06:10:00+00:00,BOOP,$BOOP added to Binance alpha projects,not currently listed on Binance futures,,,,,,,,,,,,
OBOLUSDT,2025-05-03 08:52:55+00:00,OBOL,$OBOL listed on Binance alpha and futures,,0.422,2025-05-07T10:30:00+00:00,0.26563,0.44,0.23796,4.27,-43.61,0.0,2110.0,576.0,48 hours from listing (5m intervals),OBOLUSDT.json
GORKUSDT,2025-05-01 10:50:00+00:00,GORK,$GORK added to Binance alpha projects,not currently listed on Binance futures,,,,,,,,,,,,
HOUSEUSDT,2025-05-01 10:50:00+00:00,HOUSE,$HOUSE added to Binance alpha projects,not currently listed on Binance futures,,,,,,,,,,,,
BEETSUSDT,2025-05-01 07:40:00+00:00,BEETS,$BEETS added to Binance alpha projects,not currently listed on Binance futures,,,,,,,,,,,,
ANONUSDT,2025-05-01 07:40:00+00:00,ANON,$ANON added to Binance alpha projects,not currently listed on Binance futures,,,,,,,,,,,,
SHADOWUSDT,2025-05-01 06:00:00+00:00,SHADOW,$SHADOW added to Binance alpha projects,not currently listed on Binance futures,,,,,,,,,,,,
B2USDT,2025-04-30 10:20:00+00:00,B2,$B2 added to Binance alpha projects,,0.6011,2025-05-06T13:30:00+00:00,0.5968,0.6987,0.525,16.24,-12.66,170.0,1615.0,576.0,48 hours from listing (5m intervals),B2USDT.json
HAEDALUSDT,2025-04-29 12:00:00+00:00,HAEDAL,$HAEDAL added to Binance alpha projects,,0.106,2025-05-01T03:15:00+00:00,0.191226,0.2088,0.103367,96.98,-2.48,2665.0,0.0,576.0,48 hours from listing (5m intervals),HAEDALUSDT.json
MILKUSDT,2025-04-29 10:20:00+00:00,MILK,$MILK added to Binance alpha projects,,0.11939,2025-05-06T13:45:00+00:00,0.10746,0.13473,0.09824,12.85,-17.72,520.0,1860.0,576.0,48 hours from listing (5m intervals),MILKUSDT.json
SIGNUSDT,2025-04-28 10:00:00+00:00,SIGN,$SIGN added to Binance alpha projects,,0.0748,2025-04-28T11:00:00+00:00,0.10018,0.13291,0.0665,77.69,-11.1,1165.0,1155.0,576.0,48 hours from listing (5m intervals),SIGNUSDT.json
AIOTUSDT,2025-04-25 10:20:00+00:00,AIOT,$AIOT added to Binance alpha projects,,0.18151,2025-04-30T12:30:00+00:00,0.26125,0.29319,0.18151,61.53,0.0,65.0,0.0,576.0,48 hours from listing (5m intervals),AIOTUSDT.json
DOLOUSDT,2025-04-24 12:00:00+00:00,DOLO,$DOLO added to Binance alpha projects,,0.048,2025-05-01T03:00:00+00:00,0.062727,0.066779,0.048,39.12,0.0,2720.0,0.0,576.0,48 hours from listing (5m intervals),DOLOUSDT.json
ZORAUSDT,2025-04-23 13:10:00+00:00,ZORA,$ZORA added to Binance alpha projects,not currently listed on Binance futures,,,,,,,,,,,,
HYPERUSDT,2025-04-22 11:10:00+00:00,HYPER,$HYPER added to Binance alpha projects,,0.256,2025-04-22T13:00:00+00:00,0.2048,0.3666,0.198,43.2,-22.66,735.0,2625.0,576.0,48 hours from listing (5m intervals),HYPERUSDT.json
TROLLUSDT,2025-04-22 10:40:00+00:00,TROLL,$TROLL added to Binance alpha projects,not currently listed on Binance futures,,,,,,,,,,,,
WIZARDUSDT,2025-04-22 10:40:00+00:00,WIZARD,$WIZARD added to Binance alpha projects,not currently listed on Binance futures,,,,,,,,,,,,
SKYAIUSDT,2025-04-22 10:40:00+00:00,SKYAI,$SKYAI added to Binance alpha projects,,0.05826,2025-05-13T09:45:00+00:00,0.07136,0.09765,0.0575,67.61,-1.3,900.0,0.0,576.0,48 hours from listing (5m intervals),SKYAIUSDT.json
EPTUSDT,2025-04-21 12:00:00+00:00,EPT,$EPT added to Binance alpha projects,,0.0178,2025-04-21T13:00:00+00:00,0.01204,0.018515,0.011106,4.02,-37.61,0.0,1820.0,576.0,48 hours from listing (5m intervals),EPTUSDT.json
POPCATUSDT,2025-04-21 11:45:00+00:00,POPCAT,$POPCAT added to Binance alpha projects,,0.5617,2024-08-22T13:00:00+00:00,0.7339,0.78,0.5405,38.86,-3.77,2105.0,5.0,576.0,48 hours from listing (5m intervals),POPCATUSDT.json
SPXUSDT,2025-04-21 11:45:00+00:00,SPX,$SPX added to Binance alpha projects,,0.6,2024-12-10T12:45:00+00:00,0.7282,0.7944,0.6,32.4,0.0,2290.0,0.0,576.0,48 hours from listing (5m intervals),SPXUSDT.json
CULTUSDT,2025-04-21 11:45:00+00:00,CULT,$CULT added to Binance alpha projects,not currently listed on Binance futures,,,,,,,,,,,,
MOGUSDT,2025-04-21 11:45:00+00:00,MOG,$MOG added to Binance alpha projects,not currently listed on Binance futures,,,,,,,,,,,,
BANKUSDT,2025-04-18 11:20:01+00:00,BANK,$BANK added to Binance alpha projects,,0.04,2025-04-18T18:30:00+00:00,0.042508,0.058862,0.04,47.15,0.0,10.0,0.0,576.0,48 hours from listing (5m intervals),BANKUSDT.json
GMUSDT,2025-04-17 11:30:00+00:00,GM,$GM added to Binance alpha projects,not currently listed on Binance futures,,,,,,,,,,,,
DARKUSDT,2025-04-17 10:27:01+00:00,DARK,$DARK added to Binance alpha projects,not currently listed on Binance futures,,,,,,,,,,,,
FAIR3USDT,2025-04-14 15:15:02+00:00,FAIR3,$FAIR3 added to Binance alpha projects,not currently listed on Binance futures,,,,,,,,,,,,
PROMPTUSDT,2025-04-10 13:00:00+00:00,PROMPT,$PROMPT added to Binance alpha projects,,0.1636,2025-04-11T06:30:00+00:00,0.4732,0.625,0.1636,282.03,0.0,2010.0,0.0,576.0,48 hours from listing (5m intervals),PROMPTUSDT.json
FHEUSDT,2025-04-10 12:20:00+00:00,FHE,$FHE added to Binance alpha projects,,0.05881,2025-04-12T15:00:00+00:00,0.0561,0.10663,0.05098,81.31,-13.31,75.0,2560.0,576.0,48 hours from listing (5m intervals),FHEUSDT.json
RFCUSDT,2025-04-08 15:10:00+00:00,RFC,$RFC added to Binance alpha projects,not currently listed on Binance futures,,,,,,,,,,,,
STOUSDT,2025-04-03 08:50:00+00:00,STO,$STO added to Binance alpha projects,,0.07541,2025-04-12T14:45:00+00:00,0.10078,0.12167,0.07541,61.34,0.0,30.0,0.0,576.0,48 hours from listing (5m intervals),STOUSDT.json
SAFEUSDT,2025-04-02 10:20:00+00:00,SAFE,$SAFE added to Binance alpha projects,,1.658,2024-10-25T12:30:00+00:00,1.3774,1.6601,1.3554,0.13,-18.25,0.0,2585.0,576.0,48 hours from listing (5m intervals),SAFEUSDT.json
ZETAUSDT,2025-04-02 10:20:00+00:00,ZETA,$ZETA added to Binance alpha projects,,1.7148,2024-02-02T08:30:00+00:00,1.3818,1.814,1.3222,5.78,-22.89,375.0,2375.0,576.0,48 hours from listing (5m intervals),ZETAUSDT.json
PUMPUSDT,2025-04-01 17:05:00+00:00,PUMP,$PUMP added to Binance alpha projects,,0.09561,2025-04-12T14:30:00+00:00,0.10478,0.138,0.08338,44.34,-12.79,750.0,15.0,576.0,48 hours from listing (5m intervals),PUMPUSDT.json
MEWUSDT,2025-04-01 13:54:00+00:00,MEW,$MEW added to Binance alpha projects,,0.004423,2024-06-17T14:00:00+00:00,0.004213,0.005213,0.003947,17.86,-10.76,420.0,1745.0,576.0,48 hours from listing (5m intervals),MEWUSDT.json
BIGTIMEUSDT,2025-04-01 13:54:00+00:00,BIGTIME,$BIGTIME added to Binance alpha projects,,0.2006,2023-10-12T14:30:00+00:00,0.2128,0.3487,0.181,73.83,-9.77,180.0,775.0,576.0,48 hours from listing (5m intervals),BIGTIMEUSDT.json
ATHUSDT,2025-04-01 13:54:00+00:00,ATH,$ATH added to Binance alpha projects,,0.03183,2025-04-02T15:45:00+00:00,0.02981,0.03272,0.0275,2.8,-13.6,0.0,435.0,576.0,48 hours from listing (5m intervals),ATHUSDT.json
GRASSUSDT,2025-04-01 13:54:00+00:00,GRASS,$GRASS added to Binance alpha projects,,3.5,2024-11-08T15:30:00+00:00,3.0313,3.51,2.7843,0.29,-20.45,10.0,1395.0,576.0,48 hours from listing (5m intervals),GRASSUSDT.json
GHIBLIUSDT,2025-03-27 17:15:00+00:00,GHIBLI,$GHIBLI added to Binance alpha projects,not currently listed on Binance futures,,,,,,,,,,,,
KILOUSDT,2025-03-27 12:30:00+00:00,KILO,$KILO added to Binance alpha projects,not currently listed on Binance futures,,,,,,,,,,,,
PARTIUSDT,2025-03-25 11:10:00+00:00,PARTI,$PARTI added to Binance alpha projects,,0.4,2025-03-25T13:00:00+00:00,0.336,0.4398,0.1972,9.95,-50.7,55.0,0.0,576.0,48 hours from listing (5m intervals),PARTIUSDT.json
BUBBUSDT,2025-03-24 08:40:01+00:00,BUBB,$BUBB added to Binance alpha projects,not currently listed on Binance futures,,,,,,,,,,,,
AGONUSDT,2025-03-24 08:40:00+00:00,AGON,$AGON added to Binance alpha projects,not currently listed on Binance futures,,,,,,,,,,,,
QUQUSDT,2025-03-22 06:50:00+00:00,QUQ,$QUQ added to Binance alpha projects,not currently listed on Binance futures,,,,,,,,,,,,
TATUSDT,2025-03-22 06:50:00+00:00,TAT,$TAT added to Binance alpha projects,not currently listed on Binance futures,,,,,,,,,,,,
MUBARAKAHUSDT,2025-03-21 10:19:00+00:00,MUBARAKAH,$MUBARAKAH added to Binance alpha projects,not currently listed on Binance futures,,,,,,,,,,,,
PLUMEUSDT,2025-03-21 10:19:00+00:00,PLUME,$PLUME added to Binance alpha projects,,0.2024,2025-03-21T13:00:00+00:00,0.1895,0.204,0.176,0.79,-13.04,90.0,1350.0,576.0,48 hours from listing (5m intervals),PLUMEUSDT.json
AFTUSDT,2025-03-21 10:19:00+00:00,AFT,$AFT added to Binance alpha projects,not currently listed on Binance futures,,,,,,,,,,,,
BRUSDT,2025-03-20 12:20:00+00:00,BR,$BR added to Binance alpha projects,,0.1696,2025-03-21T12:45:00+00:00,0.1819,0.1956,0.1563,15.33,-7.84,605.0,195.0,576.0,48 hours from listing (5m intervals),BRUSDT.json
TUTUSDT,2025-03-18 06:20:00+00:00,TUT,$TUT added to Binance alpha projects,,0.04287,2025-03-20T09:00:00+00:00,0.02557,0.05,0.02488,16.63,-41.96,15.0,2850.0,576.0,48 hours from listing (5m intervals),TUTUSDT.json
MUBARAKUSDT,2025-03-15 12:15:00+00:00,MUBARAK,$MUBARAK added to Binance alpha projects,,0.0819,2025-03-17T13:45:00+00:00,0.1156,0.222,0.0819,171.06,0.0,695.0,0.0,576.0,48 hours from listing (5m intervals),MUBARAKUSDT.json
BMTUSDT,2025-03-11 11:05:00+00:00,BMT,$BMT added to Binance alpha projects,,0.1106,2025-03-17T13:30:00+00:00,0.2119,0.3224,0.1106,191.5,0.0,1545.0,0.0,576.0,48 hours from listing (5m intervals),BMTUSDT.json
AVLUSDT,2025-02-26 09:20:00+00:00,AVL,$AVL added to Binance alpha projects,not currently listed on Binance futures,,,,,,,,,,,,
VINUUSDT,2025-02-26 09:20:00+00:00,VINU,$VINU added to Binance alpha projects,not currently listed on Binance futures,,,,,,,,,,,,
PAINUSDT,2025-02-26 09:20:00+00:00,PAIN,$PAIN added to Binance alpha projects,not currently listed on Binance futures,,,,,,,,,,,,
JELLYJELLYUSDT,2025-02-26 09:20:00+00:00,JELLYJELLY,$JELLYJELLY added to Binance alpha projects,,0.02432,2025-03-26T16:00:00+00:00,0.01536,0.02748,0.01524,12.99,-37.34,0.0,2670.0,576.0,48 hours from listing (5m intervals),JELLYJELLYUSDT.json
TOKENUSDT,2025-02-21 08:15:07+00:00,TOKEN,$TOKEN added to Binance alpha projects,,0.05292,2023-11-03T15:00:00+00:00,0.03576,0.05301,0.035,0.17,-33.86,0.0,2820.0,576.0,48 hours from listing (5m intervals),TOKENUSDT.json
CPOOLUSDT,2025-02-21 08:15:02+00:00,CPOOL,$CPOOL added to Binance alpha projects,not currently listed on Binance futures,,,,,,,,,,,,
DRIFTUSDT,2025-02-21 08:15:01+00:00,DRIFT,$DRIFT added to Binance alpha projects,,0.9156,2024-11-08T15:45:00+00:00,1.7519,2.086,0.8899,127.83,-2.81,770.0,0.0,576.0,48 hours from listing (5m intervals),DRIFTUSDT.json
VVVUSDT,2025-02-21 08:15:01+00:00,VVV,$VVV added to Binance alpha projects,,10.636,2025-01-29T08:15:00+00:00,5.484,10.9,5.311,2.48,-50.07,0.0,2675.0,576.0,48 hours from listing (5m intervals),VVVUSDT.json
B3USDT,2025-02-21 08:15:01+00:00,B3,$B3 added to Binance alpha projects,,0.01213,2025-02-13T11:30:00+00:00,0.00913,0.0147,0.00894,21.19,-26.3,70.0,2700.0,576.0,48 hours from listing (5m intervals),B3USDT.json
FLUIDUSDT,2025-02-21 08:15:01+00:00,FLUID,$FLUID added to Binance alpha projects,not currently listed on Binance futures,,,,,,,,,,,,
BROCCOLIUSDT,2025-02-19 11:22:52+00:00,BROCCOLI,"$BROCCOLI, $PERRY, $BNBXBT, $SIREN added to Binance alpha projects",not currently listed on Binance futures,,,,,,,,,,,,
PERRYUSDT,2025-02-19 11:22:52+00:00,PERRY,"$BROCCOLI, $PERRY, $BNBXBT, $SIREN added to Binance alpha projects",not currently listed on Binance futures,,,,,,,,,,,,
BNBXBTUSDT,2025-02-19 11:22:52+00:00,BNBXBT,"$BROCCOLI, $PERRY, $BNBXBT, $SIREN added to Binance alpha projects",not currently listed on Binance futures,,,,,,,,,,,,
SIRENUSDT,2025-02-19 11:22:52+00:00,SIREN,"$BROCCOLI, $PERRY, $BNBXBT, $SIREN added to Binance alpha projects",,0.07532,2025-03-22T09:00:00+00:00,0.07299,0.09647,0.05931,28.08,-21.26,310.0,2815.0,576.0,48 hours from listing (5m intervals),SIRENUSDT.json
SHELLUSDT,2025-02-13 14:05:01+00:00,SHELL,$SHELL added to Binance alpha projects,,0.441,2025-02-17T17:15:00+00:00,0.4419,0.5429,0.3692,23.11,-16.28,2255.0,325.0,576.0,48 hours from listing (5m intervals),SHELLUSDT.json
GPSUSDT,2025-02-13 09:28:01+00:00,GPS,$GPS added to Binance alpha projects,,0.141,2025-02-17T17:00:00+00:00,0.1282,0.143,0.1,1.42,-29.08,340.0,85.0,576.0,48 hours from listing (5m intervals),GPSUSDT.json
KMNOUSDT,2025-02-13 09:25:02+00:00,KMNO,$KMNO added to Binance alpha projects,,0.1695,2024-12-20T19:00:00+00:00,0.16213,0.20617,0.15977,21.63,-5.74,300.0,2635.0,576.0,48 hours from listing (5m intervals),KMNOUSDT.json
VIRTUALUSDT,2025-02-13 09:22:02+00:00,VIRTUAL,$VIRTUAL added to Binance alpha projects,,1.4101,2024-12-10T12:30:00+00:00,1.9295,1.9732,1.4101,39.93,0.0,2355.0,0.0,576.0,48 hours from listing (5m intervals),VIRTUALUSDT.json
AEROUSDT,2025-02-13 09:20:01+00:00,AERO,$AERO added to Binance alpha projects,,1.8635,2024-12-04T14:15:00+00:00,1.9698,1.9755,1.7055,6.01,-8.48,2850.0,600.0,576.0,48 hours from listing (5m intervals),AEROUSDT.json
MORPHOUSDT,2025-02-13 09:17:01+00:00,MORPHO,$MORPHO added to Binance alpha projects,,1.356,2024-11-27T14:30:00+00:00,1.262,1.82,1.1744,34.22,-13.39,405.0,1545.0,576.0,48 hours from listing (5m intervals),MORPHOUSDT.json
ONDOUSDT,2025-02-13 09:15:02+00:00,ONDO,$ONDO added to Binance alpha projects,,0.226,2024-01-20T13:00:00+00:00,0.2687,0.3124,0.1714,38.23,-24.16,2185.0,50.0,576.0,48 hours from listing (5m intervals),ONDOUSDT.json
TSTUSDT,2025-02-08 11:59:02+00:00,TST,$TST added to Binance alpha projects,,0.3735,2025-02-09T13:00:00+00:00,0.2144,0.3735,0.1462,0.0,-60.86,0.0,1335.0,576.0,48 hours from listing (5m intervals),TSTUSDT.json
ALONUSDT,2025-01-24 09:27:01+00:00,ALON,$ALON added to Binance alpha projects,not currently listed on Binance futures,,,,,,,,,,,,
BIDUSDT,2025-01-23 11:10:02+00:00,BID,$BID added to Binance alpha projects,,0.13298,2025-03-20T09:30:00+00:00,0.0609,0.13298,0.05716,0.0,-57.02,0.0,2435.0,576.0,48 hours from listing (5m intervals),BIDUSDT.json
BUZZUSDT,2025-01-23 11:05:01+00:00,BUZZ,$BUZZ added to Binance alpha projects,not currently listed on Binance futures,,,,,,,,,,,,
VINEUSDT,2025-01-23 11:00:02+00:00,VINE,$VINE added to Binance alpha projects,,0.20194,2025-01-24T10:00:00+00:00,0.44946,0.4755,0.1064,135.47,-47.31,2835.0,695.0,576.0,48 hours from listing (5m intervals),VINEUSDT.json
MAXONSOLUSDT,2025-01-22 07:58:02+00:00,MAXONSOL,"$MAXONSOL, $TRISIG added to Binance alpha projects",not currently listed on Binance futures,,,,,,,,,,,,
TRISIGUSDT,2025-01-22 07:58:02+00:00,TRISIG,"$MAXONSOL, $TRISIG added to Binance alpha projects",not currently listed on Binance futures,,,,,,,,,,,,
PYTHIAUSDT,2025-01-16 09:20:01+00:00,PYTHIA,"$PYTHIA, $SEKOIA, $LLM added to Binance alpha projects",not currently listed on Binance futures,,,,,,,,,,,,
SEKOIAUSDT,2025-01-16 09:20:01+00:00,SEKOIA,"$PYTHIA, $SEKOIA, $LLM added to Binance alpha projects",not currently listed on Binance futures,,,,,,,,,,,,
LLMUSDT,2025-01-16 09:20:01+00:00,LLM,"$PYTHIA, $SEKOIA, $LLM added to Binance alpha projects",not currently listed on Binance futures,,,,,,,,,,,,
AIMONICAUSDT,2025-01-15 05:20:00+00:00,AIMONICA,"$AIMONICA, $VITA, $GRIFT added to Binance alpha projects",not currently listed on Binance futures,,,,,,,,,,,,
VITAUSDT,2025-01-15 05:20:00+00:00,VITA,"$AIMONICA, $VITA, $GRIFT added to Binance alpha projects",not currently listed on Binance futures,,,,,,,,,,,,
GRIFTUSDT,2025-01-15 05:20:00+00:00,GRIFT,"$AIMONICA, $VITA, $GRIFT added to Binance alpha projects",not currently listed on Binance futures,,,,,,,,,,,,
VADERUSDT,2025-01-09 09:48:01+00:00,VADER,$VADER added to Binance alpha projects,not currently listed on Binance futures,,,,,,,,,,,,
VERTAIUSDT,2025-01-09 09:42:01+00:00,VERTAI,$VERTAI added to Binance alpha projects,not currently listed on Binance futures,,,,,,,,,,,,
FAIUSDT,2025-01-09 09:37:00+00:00,FAI,$FAI added to Binance alpha projects,not currently listed on Binance futures,,,,,,,,,,,,
HATUSDT,2025-01-07 06:45:01+00:00,HAT,$HAT added to Binance alpha projects,not currently listed on Binance futures,,,,,,,,,,,,
AIXCBUSDT,2025-01-07 06:40:01+00:00,AIXCB,$AIXCB added to Binance alpha projects,not currently listed on Binance futures,,,,,,,,,,,,
NEURUSDT,2025-01-07 06:35:01+00:00,NEUR,$NEUR added to Binance alpha projects,not currently listed on Binance futures,,,,,,,,,,,,
FREYAUSDT,2025-01-06 08:59:00+00:00,FREYA,$FREYA added to Binance alpha projects,not currently listed on Binance futures,,,,,,,,,,,,
PIPPINUSDT,2025-01-06 08:55:01+00:00,PIPPIN,$PIPPIN added to Binance alpha projects,,0.138,2025-01-24T10:15:00+00:00,0.12657,0.1644,0.10223,19.13,-25.92,1155.0,875.0,576.0,48 hours from listing (5m intervals),PIPPINUSDT.json
OPUSUSDT,2025-01-06 08:49:01+00:00,OPUS,$OPUS added to Binance alpha projects,not currently listed on Binance futures,,,,,,,,,,,,
FLOCKUSDT,2025-01-03 09:33:00+00:00,FLOCK,$FLOCK added to Binance alpha,not currently listed on Binance futures,,,,,,,,,,,,
ELIZAUSDT,2025-01-03 09:21:01+00:00,ELIZA,$ELIZA added to Binance alpha,not currently listed on Binance futures,,,,,,,,,,,,
METAVUSDT,2025-01-03 09:14:01+00:00,METAV,$METAV added to Binance alpha,not currently listed on Binance futures,,,,,,,,,,,,
