symbol,timestamp,coin_name,message,exchange,listing_announcement_time,actual_start_time,opening_price,closing_price,highest_price,lowest_price,highest_gain_percent,lowest_gain_percent,highest_price_time_min,lowest_price_time_min,data_points_count,analysis_period,price_data_saved,error
IOUSDT,2024-06-11 14:49:01+00:00,IO,$IO listed on Bybit futures,bybit,2024-06-11T14:49:01+00:00,2024-06-11T14:50:00+00:00,3.385,4.925,6.537,3.382,93.12,-0.09,1825.0,0.0,576.0,48 hours from listing announcement (5m intervals),IOUSDT.json,
GMEUSDT,2024-06-11 15:10:01+00:00,GME,$GME listed on Bybit futures,,,,,,,,,,,,,,,not currently listed on Bybit futures
DOP1USDT,2024-07-10 09:53:23+00:00,DOP1,$DOP1 listed on Bybit futures,,,,,,,,,,,,,,,not currently listed on Bybit futures
MOCAUSDT,2024-07-12 10:53:49+00:00,MOCA,$MOCA listed on Bybit futures,bybit,2024-07-12T10:53:49+00:00,2024-07-12T10:55:00+00:00,0.11524,0.10973,0.12976,0.10473,12.6,-9.12,5.0,1275.0,576.0,48 hours from listing announcement (5m intervals),MOCAUSDT.json,
AEROUSDT,2024-07-15 09:45:38+00:00,AERO,$AERO listed on Bybit futures,bybit,2024-07-15T09:45:38+00:00,2024-07-15T09:50:00+00:00,0.814,0.9395,0.9396,0.7357,15.43,-9.62,2875.0,45.0,576.0,48 hours from listing announcement (5m intervals),AEROUSDT.json,
PRCLUSDT,2024-07-17 10:11:30+00:00,PRCL,$PRCL listed on Bybit futures,bybit,2024-07-17T10:11:30+00:00,2024-07-17T10:15:00+00:00,0.273,0.2525,0.2905,0.2454,6.41,-10.11,55.0,2845.0,576.0,48 hours from listing announcement (5m intervals),PRCLUSDT.json,
CLOUDUSDT,2024-07-19 10:14:45+00:00,CLOUD,$CLOUD listed on Bybit futures,bybit,2024-07-19T10:14:45+00:00,2024-07-19T10:15:00+00:00,0.3131,0.3086,0.3378,0.3,7.89,-4.18,220.0,2195.0,576.0,48 hours from listing announcement (5m intervals),CLOUDUSDT.json,
UXLINKUSDT,2024-07-19 10:25:46+00:00,UXLINK,$UXLINK listed on Bybit futures,,,,,,,,,,,,,,,not currently listed on Bybit futures
BANANAUSDT,2024-07-19 11:36:52+00:00,BANANA,$BANANA listed on Bybit futures,bybit,2024-07-19T11:36:52+00:00,2024-07-19T11:40:00+00:00,68.329,60.99,79.4,60.0,16.2,-12.19,1130.0,2625.0,576.0,48 hours from listing announcement (5m intervals),BANANAUSDT.json,
PIRATEUSDT,2024-07-22 11:15:28+00:00,PIRATE,$PIRATE listed on Bybit futures,,,,,,,,,,,,,,,not currently listed on Bybit futures
A8USDT,2024-07-22 12:06:33+00:00,A8,$A8 listed on Bybit futures,bybit,2024-07-22T12:06:33+00:00,2024-07-22T12:10:00+00:00,0.237,0.2,0.259,0.1908,9.28,-19.49,50.0,2150.0,576.0,48 hours from listing announcement (5m intervals),A8USDT.json,
AVAILUSDT,2024-07-23 15:20:13+00:00,AVAIL,$AVAIL listed on Bybit futures,bybit,2024-07-23T15:20:13+00:00,2024-07-23T15:25:00+00:00,0.14526,0.19382,0.24593,0.12463,69.3,-14.2,1670.0,90.0,576.0,48 hours from listing announcement (5m intervals),AVAILUSDT.json,
GUSDT,2024-07-25 10:40:21+00:00,G,$G listed on Bybit futures,bybit,2024-07-25T10:40:21+00:00,2024-07-25T10:45:00+00:00,0.05273,0.05256,0.05491,0.051,4.13,-3.28,1130.0,200.0,576.0,48 hours from listing announcement (5m intervals),GUSDT.json,
DEXEUSDT,2024-07-25 10:52:21+00:00,DEXE,$DEXE listed on Bybit futures,bybit,2024-07-25T10:52:21+00:00,2024-07-25T10:55:00+00:00,9.827,9.577,9.876,8.937,0.5,-9.06,0.0,560.0,576.0,48 hours from listing announcement (5m intervals),DEXEUSDT.json,
RENDERUSDT,2024-07-26 09:00:34+00:00,RENDER,$RENDER listed on Bybit futures,bybit,2024-07-26T09:00:34+00:00,2024-07-26T09:05:00+00:00,6.506,6.498,7.068,6.34,8.64,-2.55,95.0,2340.0,576.0,48 hours from listing announcement (5m intervals),RENDERUSDT.json,
L3USDT,2024-07-31 09:53:56+00:00,L3,$L3 listed on Bybit futures,bybit,2024-07-31T09:53:56+00:00,2024-07-31T09:55:00+00:00,0.09866,0.07557,0.10465,0.07282,6.07,-26.19,15.0,2675.0,576.0,48 hours from listing announcement (5m intervals),L3USDT.json,
MAXUSDT,2024-08-06 10:08:01+00:00,MAX,$MAX listed on Bybit futures,,,,,,,,,,,,,,,not currently listed on Bybit futures
USDEUSDT,2024-08-07 10:41:10+00:00,USDE,$USDE listed on Bybit futures,,,,,,,,,,,,,,,not currently listed on Bybit futures
PIXFIUSDT,2024-08-08 09:59:08+00:00,PIXFI,$PIXFI listed on Bybit futures,,,,,,,,,,,,,,,not currently listed on Bybit futures
MOTHERUSDT,2024-08-08 10:40:13+00:00,MOTHER,$MOTHER listed on Bybit futures,,,,,,,,,,,,,,,not currently listed on Bybit futures
NEIROUSDT,2024-08-15 10:01:50+00:00,NEIRO,$NEIRO listed on Bybit futures,,,,,,,,,,,,,,,not currently listed on Bybit futures
FDUSDUSDT,2024-08-16 10:47:02+00:00,FDUSD,$FDUSD listed on Bybit futures,,,,,,,,,,,,,,,not currently listed on Bybit futures
SYSUSDT,2024-08-20 10:26:54+00:00,SYS,$SYS listed on Bybit futures,,,,,,,,,,,,,,,not currently listed on Bybit futures
SYNUSDT,2024-08-20 10:28:54+00:00,SYN,$SYN listed on Bybit futures,,,,,,,,,,,,,,,not currently listed on Bybit futures
VOXELUSDT,2024-08-21 11:27:01+00:00,VOXEL,$VOXEL listed on Bybit futures,,,,,,,,,,,,,,,not currently listed on Bybit futures
VIDTUSDT,2024-08-26 08:53:56+00:00,VIDT,$VIDT listed on Bybit futures,,,,,,,,,,,,,,,not currently listed on Bybit futures
SUNDOGUSDT,2024-08-26 09:03:56+00:00,SUNDOG,$SUNDOG listed on Bybit futures,bybit,2024-08-26T09:03:56+00:00,2024-08-26T09:05:00+00:00,0.272,0.2457,0.3377,0.223,24.15,-18.01,60.0,2815.0,576.0,48 hours from listing announcement (5m intervals),SUNDOGUSDT.json,
DOGSUSDT,2024-08-26 13:37:45+00:00,DOGS,$DOGS listed on Bybit futures,bybit,2024-08-26T13:37:45+00:00,2024-08-26T13:40:00+00:00,0.001198,0.001544,0.001664,0.001132,38.9,-5.51,2665.0,35.0,576.0,48 hours from listing announcement (5m intervals),DOGSUSDT.json,
NULSUSDT,2024-08-27 10:44:00+00:00,NULS,$NULS listed on Bybit futures,,,,,,,,,,,,,,,not currently listed on Bybit futures
ORDERUSDT,2024-08-27 11:02:01+00:00,ORDER,$ORDER listed on Bybit futures,bybit,2024-08-27T11:02:01+00:00,2024-08-27T11:05:00+00:00,0.2062,0.153,0.2081,0.145,0.92,-29.68,15.0,775.0,576.0,48 hours from listing announcement (5m intervals),ORDERUSDT.json,
CHESSUSDT,2024-09-02 09:36:10+00:00,CHESS,$CHESS listed on Bybit futures,bybit,2024-09-02T09:36:10+00:00,2024-09-02T09:40:00+00:00,0.1659,0.1526,0.1789,0.1496,7.84,-9.83,360.0,2360.0,576.0,48 hours from listing announcement (5m intervals),CHESSUSDT.json,
SLFUSDT,2024-09-03 09:36:07+00:00,SLF,$SLF listed on Bybit futures,bybit,2024-09-03T09:36:07+00:00,2024-09-03T09:40:00+00:00,0.6102,0.4728,0.6182,0.4603,1.31,-24.57,20.0,2685.0,576.0,48 hours from listing announcement (5m intervals),SLFUSDT.json,
FLUXUSDT,2024-09-04 09:04:51+00:00,FLUX,$FLUX listed on Bybit futures,bybit,2024-09-04T09:04:51+00:00,2024-09-04T09:05:00+00:00,0.6112,0.5429,0.6143,0.5353,0.51,-12.42,345.0,2190.0,576.0,48 hours from listing announcement (5m intervals),FLUXUSDT.json,
POLUSDT,2024-09-05 09:02:43+00:00,POL,$POL listed on Bybit futures,bybit,2024-09-05T09:02:43+00:00,2024-09-05T09:05:00+00:00,0.3761,0.3754,0.3881,0.3528,3.19,-6.2,65.0,405.0,576.0,48 hours from listing announcement (5m intervals),POLUSDT.json,
QUICKUSDT,2024-09-10 09:44:10+00:00,QUICK,$QUICK listed on Bybit futures,bybit,2024-09-10T09:44:10+00:00,2024-09-10T09:45:00+00:00,0.04161,0.0428,0.04514,0.04015,8.48,-3.51,1805.0,230.0,576.0,48 hours from listing announcement (5m intervals),QUICKUSDT.json,
CATUSDT,2024-09-13 12:13:47+00:00,CAT,$CAT listed on Bybit futures,,,,,,,,,,,,,,,not currently listed on Bybit futures
NEIROCTOUSDT,2024-09-16 11:50:02+00:00,NEIROCTO,$NEIROCTO listed on Bybit futures,,,,,,,,,,,,,,,not currently listed on Bybit futures
ALEOUSDT,2024-09-19 09:21:46+00:00,ALEO,$ALEO listed on Bybit futures,bybit,2024-09-19T09:21:46+00:00,2024-09-19T09:25:00+00:00,3.3009,3.0519,3.74,2.5399,13.3,-23.05,40.0,1510.0,576.0,48 hours from listing announcement (5m intervals),ALEOUSDT.json,
PRIMEUSDT,2024-09-30 09:00:06+00:00,PRIME,$PRIME listed on Bybit futures,bybit,2024-09-30T09:00:06+00:00,2024-09-30T09:05:00+00:00,10.589,10.475,12.563,9.609,18.64,-9.25,1060.0,70.0,576.0,48 hours from listing announcement (5m intervals),PRIMEUSDT.json,
MOODENGUSDT,2024-10-01 08:37:16+00:00,MOODENG,$MOODENG listed on Bybit futures,bybit,2024-10-01T08:37:16+00:00,2024-10-01T08:40:00+00:00,0.2246,0.19478,0.26582,0.17242,18.35,-23.23,1460.0,390.0,576.0,48 hours from listing announcement (5m intervals),MOODENGUSDT.json,
GOMININGUSDT,2024-10-02 08:47:26+00:00,GOMINING,$GOMINING listed on Bybit futures,,,,,,,,,,,,,,,not currently listed on Bybit futures
WHYUSDT,2024-10-04 10:48:14+00:00,WHY,$WHY listed on Bybit futures,,,,,,,,,,,,,,,not currently listed on Bybit futures
PYRUSDT,2024-10-07 09:09:29+00:00,PYR,$PYR listed on Bybit futures,bybit,2024-10-07T09:09:29+00:00,2024-10-07T09:10:00+00:00,2.811,2.593,2.89,2.453,2.81,-12.74,25.0,1325.0,576.0,48 hours from listing announcement (5m intervals),PYRUSDT.json,
KMNOUSDT,2024-10-09 10:04:57+00:00,KMNO,$KMNO listed on Bybit futures,bybit,2024-10-09T10:04:57+00:00,2024-10-09T10:05:00+00:00,0.08636,0.0973,0.10602,0.08312,22.77,-3.75,1555.0,30.0,576.0,48 hours from listing announcement (5m intervals),KMNOUSDT.json,
CATSUSDT,2024-10-11 09:42:08+00:00,CATS,$CATS listed on Bybit futures,,,,,,,,,,,,,,,not currently listed on Bybit futures
PUFFERUSDT,2024-10-14 13:12:28+00:00,PUFFER,$PUFFER listed on Bybit futures,bybit,2024-10-14T13:12:28+00:00,2024-10-14T13:15:00+00:00,0.3018,0.4861,0.9654,0.2917,219.88,-3.35,655.0,0.0,576.0,48 hours from listing announcement (5m intervals),PUFFERUSDT.json,
DBRUSDT,2024-10-17 11:48:54+00:00,DBR,$DBR listed on Bybit futures,bybit,2024-10-17T11:48:54+00:00,2024-10-17T11:50:00+00:00,0.03135,0.03391,0.044,0.0286,40.35,-8.77,150.0,410.0,576.0,48 hours from listing announcement (5m intervals),DBRUSDT.json,
DEEPUSDT,2024-10-17 12:02:54+00:00,DEEP,$DEEP listed on Bybit futures,bybit,2024-10-17T12:02:54+00:00,2024-10-17T12:05:00+00:00,0.03185,0.0506,0.055,0.03022,72.68,-5.12,2570.0,365.0,576.0,48 hours from listing announcement (5m intervals),DEEPUSDT.json,
HPOS10IUSDT,2024-10-20 09:35:05+00:00,HPOS10I,$HPOS10I listed on Bybit futures,bybit,2024-10-20T09:35:05+00:00,2024-10-21T10:00:00+00:00,0.3251,0.2979,0.3836,0.284,17.99,-12.64,0.0,870.0,284.0,48 hours from listing announcement (5m intervals),HPOS10IUSDT.json,
LUMIAUSDT,2024-10-25 09:20:39+00:00,LUMIA,$LUMIA listed on Bybit futures,bybit,2024-10-25T09:20:39+00:00,2024-10-25T09:25:00+00:00,1.132,1.158,1.271,0.904,12.28,-20.14,1655.0,1025.0,576.0,48 hours from listing announcement (5m intervals),LUMIAUSDT.json,
XUSDT,2024-10-25 09:22:37+00:00,X,$X listed on Bybit futures,,,,,,,,,,,,,,,not currently listed on Bybit futures
KAIAUSDT,2024-11-01 09:36:01+00:00,KAIA,$KAIA listed on Bybit futures,bybit,2024-11-01T09:36:01+00:00,2024-11-01T09:40:00+00:00,0.1391,0.1259,0.1469,0.125,5.61,-10.14,30.0,2020.0,576.0,48 hours from listing announcement (5m intervals),KAIAUSDT.json,
VIRTUALUSDT,2024-11-01 09:44:02+00:00,VIRTUAL,$VIRTUAL listed on Bybit futures,,,,,,,,,,,,,,,not currently listed on Bybit futures
SWELLUSDT,2024-11-07 11:32:01+00:00,SWELL,$SWELL listed on Bybit futures,,,,,,,,,,,,,,,not currently listed on Bybit futures
COWUSDT,2024-11-08 10:43:59+00:00,COW,$COW listed on Bybit futures,bybit,2024-11-08T10:43:59+00:00,2024-11-08T10:45:00+00:00,0.4958,0.4934,0.5513,0.4348,11.19,-12.3,2455.0,380.0,576.0,48 hours from listing announcement (5m intervals),COWUSDT.json,
PNUTUSDT,2024-11-11 07:11:29+00:00,PNUT,$PNUT listed on Bybit futures,bybit,2024-11-11T07:11:29+00:00,2024-11-11T09:00:00+00:00,0.3809,0.9251,0.99,0.3276,159.91,-13.99,2685.0,685.0,555.0,48 hours from listing announcement (5m intervals),PNUTUSDT.json,
ACTUSDT,2024-11-11 07:31:31+00:00,ACT,$ACT listed on Bybit futures,bybit,2024-11-11T07:31:31+00:00,2024-11-11T09:00:00+00:00,0.3284,0.6072,0.661,0.307,101.28,-6.52,2685.0,0.0,559.0,48 hours from listing announcement (5m intervals),ACTUSDT.json,
FWOGUSDT,2024-11-12 09:51:47+00:00,FWOG,$FWOG listed on Bybit futures,bybit,2024-11-12T09:51:47+00:00,2024-11-12T09:55:00+00:00,0.62356,0.71402,0.78189,0.50282,25.39,-19.36,2290.0,1130.0,576.0,48 hours from listing announcement (5m intervals),FWOGUSDT.json,
TROYUSDT,2024-11-13 09:41:00+00:00,TROY,$TROY listed on Bybit futures,,,,,,,,,,,,,,,not currently listed on Bybit futures
TAIUSDT,2024-11-14 07:02:01+00:00,TAI,$TAI listed on Bybit futures,,,,,,,,,,,,,,,not currently listed on Bybit futures
HIPPOUSDT,2024-11-14 09:58:18+00:00,HIPPO,$HIPPO listed on Bybit futures,bybit,2024-11-14T09:58:18+00:00,2024-11-14T10:00:00+00:00,0.02135,0.02405,0.02876,0.01783,34.71,-16.49,1680.0,900.0,576.0,48 hours from listing announcement (5m intervals),HIPPOUSDT.json,
SDUSDT,2024-11-14 09:58:18+00:00,SD,$SD listed on Bybit futures,bybit,2024-11-14T09:58:18+00:00,2024-11-14T10:00:00+00:00,0.7611,0.7111,0.8227,0.6746,8.09,-11.37,70.0,1955.0,576.0,48 hours from listing announcement (5m intervals),SDUSDT.json,
PROSUSDT,2024-11-15 10:29:41+00:00,PROS,$PROS listed on Bybit futures,,,,,,,,,,,,,,,not currently listed on Bybit futures
BANUSDT,2024-11-18 09:09:10+00:00,BAN,$BAN listed on Bybit futures,bybit,2024-11-18T09:09:10+00:00,2024-11-18T09:10:00+00:00,0.2545,0.2543,0.421,0.2257,65.42,-11.32,20.0,2160.0,576.0,48 hours from listing announcement (5m intervals),BANUSDT.json,
RIFSOLUSDT,2024-11-18 10:43:21+00:00,RIFSOL,$RIFSOL listed on Bybit futures,,,,,,,,,,,,,,,not currently listed on Bybit futures
PEAQUSDT,2024-11-19 09:50:29+00:00,PEAQ,$PEAQ listed on Bybit futures,bybit,2024-11-19T09:50:29+00:00,2024-11-19T09:55:00+00:00,0.2727,0.2021,0.277,0.1977,1.58,-27.5,0.0,2415.0,576.0,48 hours from listing announcement (5m intervals),PEAQUSDT.json,
LUCEUSDT,2024-11-19 09:55:02+00:00,LUCE,$LUCE listed on Bybit futures,,,,,,,,,,,,,,,not currently listed on Bybit futures
OLUSDT,2024-11-21 10:26:54+00:00,OL,$OL listed on Bybit futures,bybit,2024-11-21T10:26:54+00:00,2024-11-21T10:30:00+00:00,0.10713,0.08786,0.1311,0.08579,22.37,-19.92,1390.0,2865.0,576.0,48 hours from listing announcement (5m intervals),OLUSDT.json,
CHILLGUYUSDT,2024-11-21 10:28:54+00:00,CHILLGUY,$CHILLGUY listed on Bybit futures,bybit,2024-11-21T10:28:54+00:00,2024-11-21T10:30:00+00:00,0.4096,0.2717,0.5534,0.2146,35.11,-47.61,600.0,2725.0,576.0,48 hours from listing announcement (5m intervals),CHILLGUYUSDT.json,
MORPHOUSDT,2024-11-22 09:11:06+00:00,MORPHO,$MORPHO listed on Bybit futures,bybit,2024-11-22T09:11:06+00:00,2024-11-22T09:15:00+00:00,1.1173,0.8052,1.218,0.7754,9.01,-30.6,50.0,1910.0,576.0,48 hours from listing announcement (5m intervals),MORPHOUSDT.json,
ZRCUSDT,2024-11-25 10:47:09+00:00,ZRC,$ZRC listed on Bybit futures,,,,,,,,,,,,,,,not currently listed on Bybit futures
CHEEMSUSDT,2024-11-25 11:22:11+00:00,CHEEMS,$CHEEMS listed on Bybit futures,,,,,,,,,,,,,,,not currently listed on Bybit futures
THEUSDT,2024-11-27 09:39:44+00:00,THE,$THE listed on Bybit futures,,,,,,,,,,,,,,,not currently listed on Bybit futures
BILLYUSDT,2024-11-27 09:42:30+00:00,BILLY,$BILLY listed on Bybit futures,,,,,,,,,,,,,,,not currently listed on Bybit futures
MVLUSDT,2024-11-29 08:50:10+00:00,MVL,$MVL listed on Bybit futures,bybit,2024-11-29T08:50:10+00:00,2024-11-29T08:55:00+00:00,0.006362,0.00606,0.006499,0.005856,2.15,-7.95,2345.0,440.0,576.0,48 hours from listing announcement (5m intervals),MVLUSDT.json,
COOKUSDT,2024-12-02 09:20:03+00:00,COOK,$COOK listed on Bybit futures,bybit,2024-12-02T09:20:03+00:00,2024-12-02T09:25:00+00:00,0.02481,0.03549,0.03581,0.02456,44.34,-1.01,2875.0,0.0,576.0,48 hours from listing announcement (5m intervals),COOKUSDT.json,
GEMSUSDT,2024-12-04 10:36:12+00:00,GEMS,$GEMS listed on Bybit futures,,,,,,,,,,,,,,,not currently listed on Bybit futures
TOSHIUSDT,2024-12-05 10:10:04+00:00,TOSHI,$TOSHI listed on Bybit futures,,,,,,,,,,,,,,,not currently listed on Bybit futures
XIONUSDT,2024-12-05 10:50:05+00:00,XION,$XION listed on Bybit futures,,,,,,,,,,,,,,,not currently listed on Bybit futures
FUSDT,2024-12-06 10:41:04+00:00,F,$F listed on Bybit futures,bybit,2024-12-06T10:41:04+00:00,2024-12-06T10:45:00+00:00,0.10221,0.082,0.11298,0.07044,10.54,-31.08,5.0,110.0,576.0,48 hours from listing announcement (5m intervals),FUSDT.json,
ACXUSDT,2024-12-06 10:43:06+00:00,ACX,$ACX listed on Bybit futures,bybit,2024-12-06T10:43:06+00:00,2024-12-06T10:45:00+00:00,1.4152,1.0818,1.76,0.901,24.36,-36.33,150.0,1410.0,576.0,48 hours from listing announcement (5m intervals),ACXUSDT.json,
MOVEUSDT,2024-12-09 12:31:04+00:00,MOVE,$MOVE listed on Bybit futures,bybit,2024-12-09T12:31:04+00:00,2024-12-09T12:35:00+00:00,0.6875,0.6822,1.104,0.583,60.58,-15.2,925.0,45.0,576.0,48 hours from listing announcement (5m intervals),MOVEUSDT.json,
GIGAUSDT,2024-12-12 09:51:27+00:00,GIGA,$GIGA listed on Bybit futures,bybit,2024-12-12T09:51:27+00:00,2024-12-12T09:55:00+00:00,0.0698,0.06587,0.0811,0.06303,16.19,-9.7,1070.0,600.0,576.0,48 hours from listing announcement (5m intervals),GIGAUSDT.json,
UROUSDT,2024-12-13 10:13:05+00:00,URO,$URO listed on Bybit futures,,,,,,,,,,,,,,,not currently listed on Bybit futures
VELODROMEUSDT,2024-12-13 10:14:26+00:00,VELODROME,$VELODROME listed on Bybit futures,,,,,,,,,,,,,,,not currently listed on Bybit futures
SENDUSDT,2024-12-13 10:16:09+00:00,SEND,$SEND listed on Bybit futures,bybit,2024-12-13T10:16:09+00:00,2024-12-13T10:20:00+00:00,2.6824,3.0074,4.07,2.6595,51.73,-0.85,910.0,30.0,576.0,48 hours from listing announcement (5m intervals),SENDUSDT.json,
AVAUSDT,2024-12-16 10:40:05+00:00,AVA,$AVA listed on Bybit futures,bybit,2024-12-16T10:40:05+00:00,2024-12-16T10:45:00+00:00,2.3127,1.7343,2.315,1.651,0.1,-28.61,0.0,1715.0,576.0,48 hours from listing announcement (5m intervals),AVAUSDT.json,
VANAUSDT,2024-12-16 12:10:06+00:00,VANA,$VANA listed on Bybit futures,,,,,,,,,,,,,,,not currently listed on Bybit futures
PENGUUSDT,2024-12-17 14:52:04+00:00,PENGU,$PENGU listed on Bybit futures,bybit,2024-12-17T14:52:04+00:00,2024-12-17T14:55:00+00:00,0.04022,0.02985,0.04165,0.02621,3.56,-34.83,0.0,605.0,576.0,48 hours from listing announcement (5m intervals),PENGUUSDT.json,
BLUEUSDT,2024-12-18 09:07:04+00:00,BLUE,$BLUE listed on Bybit futures,,,,,,,,,,,,,,,not currently listed on Bybit futures
AIXBTUSDT,2024-12-20 09:07:07+00:00,AIXBT,$AIXBT listed on Bybit futures,bybit,2024-12-20T09:07:07+00:00,2024-12-20T09:10:00+00:00,0.2389,0.3043,0.38,0.2095,59.06,-12.31,1625.0,185.0,576.0,48 hours from listing announcement (5m intervals),AIXBTUSDT.json,
NSUSDT,2024-12-20 09:08:09+00:00,NS,$NS listed on Bybit futures,bybit,2024-12-20T09:08:09+00:00,2024-12-20T09:10:00+00:00,0.2025,0.2188,0.2756,0.1779,36.1,-12.15,1260.0,170.0,576.0,48 hours from listing announcement (5m intervals),NSUSDT.json,
GRIFFAINUSDT,2024-12-20 09:09:11+00:00,GRIFFAIN,$GRIFFAIN listed on Bybit futures,bybit,2024-12-20T09:09:11+00:00,2024-12-20T09:10:00+00:00,0.16859,0.20606,0.29877,0.1482,77.22,-12.09,870.0,160.0,576.0,48 hours from listing announcement (5m intervals),GRIFFAINUSDT.json,
FARTCOINUSDT,2024-12-20 09:24:25+00:00,FARTCOIN,$FARTCOIN listed on Bybit futures,bybit,2024-12-20T09:24:25+00:00,2024-12-20T09:25:00+00:00,1.0164,0.802,1.3408,0.72,31.92,-29.16,395.0,2415.0,576.0,48 hours from listing announcement (5m intervals),FARTCOINUSDT.json,
ZENTUSDT,2024-12-23 09:37:51+00:00,ZENT,$ZENT listed on Bybit futures,,,,,,,,,,,,,,,not currently listed on Bybit futures
HIVEUSDT,2024-12-23 11:01:55+00:00,HIVE,$HIVE listed on Bybit futures,bybit,2024-12-23T11:01:55+00:00,2024-12-23T11:05:00+00:00,0.3661,0.333,0.3887,0.3242,6.17,-11.44,795.0,2410.0,576.0,48 hours from listing announcement (5m intervals),HIVEUSDT.json,
SOLOUSDT,2024-12-25 09:02:01+00:00,SOLO,$SOLO listed on Bybit futures,bybit,2024-12-25T09:02:01+00:00,2024-12-26T10:00:00+00:00,0.3953,0.4536,0.4829,0.3911,22.16,-1.06,360.0,0.0,277.0,48 hours from listing announcement (5m intervals),SOLOUSDT.json,
AI16ZUSDT,2024-12-30 08:30:44+00:00,AI16Z,$AI16Z listed on Bybit futures,bybit,2024-12-30T08:30:44+00:00,2024-12-30T08:35:00+00:00,1.3181,1.9343,1.975,1.2612,49.84,-4.32,2865.0,80.0,576.0,48 hours from listing announcement (5m intervals),AI16ZUSDT.json,
ZEREBROUSDT,2024-12-30 08:31:44+00:00,ZEREBRO,$ZEREBRO listed on Bybit futures,,,,,,,,,,,,,,,not currently listed on Bybit futures
FUELUSDT,2024-12-31 13:13:19+00:00,FUEL,$FUEL listed on Bybit futures,bybit,2024-12-31T13:13:19+00:00,2024-12-31T13:15:00+00:00,0.07185,0.0674,0.07448,0.06048,3.66,-15.82,1565.0,1045.0,576.0,48 hours from listing announcement (5m intervals),FUELUSDT.json,
ARCUSDT,2025-01-03 09:09:05+00:00,ARC,$ARC listed on Bybit futures,bybit,2025-01-03T09:09:05+00:00,2025-01-03T09:10:00+00:00,0.33026,0.40918,0.43439,0.2936,31.53,-11.1,2505.0,200.0,576.0,48 hours from listing announcement (5m intervals),ARCUSDT.json,
SWARMSUSDT,2025-01-06 09:01:54+00:00,SWARMS,$SWARMS listed on Bybit futures,bybit,2025-01-06T09:01:54+00:00,2025-01-06T09:05:00+00:00,0.34316,0.3604,0.62689,0.3374,82.68,-1.68,1430.0,10.0,576.0,48 hours from listing announcement (5m intervals),SWARMSUSDT.json,
COOKIEUSDT,2025-01-07 08:03:00+00:00,COOKIE,$COOKIE listed on Bybit futures,bybit,2025-01-07T08:03:00+00:00,2025-01-07T08:05:00+00:00,0.5481,0.4496,0.71,0.4467,29.54,-18.5,355.0,2875.0,576.0,48 hours from listing announcement (5m intervals),COOKIEUSDT.json,
ALCHUSDT,2025-01-07 08:05:00+00:00,ALCH,$ALCH listed on Bybit futures,bybit,2025-01-07T08:05:00+00:00,2025-01-07T08:05:00+00:00,0.17046,0.14174,0.23,0.13706,34.93,-19.59,535.0,2865.0,577.0,48 hours from listing announcement (5m intervals),ALCHUSDT.json,
SONICUSDT,2025-01-07 12:55:14+00:00,SONIC,$SONIC listed on Bybit futures,bybit,2025-01-07T12:55:14+00:00,2025-01-07T13:00:00+00:00,0.8019,0.7656,1.198,0.7394,49.4,-7.79,260.0,2810.0,576.0,48 hours from listing announcement (5m intervals),SONICUSDT.json,
AVAAIUSDT,2025-01-08 08:01:08+00:00,AVAAI,$AVAAI listed on Bybit futures,bybit,2025-01-08T08:01:08+00:00,2025-01-08T10:00:00+00:00,0.18332,0.24189,0.26,0.15967,41.83,-12.9,2490.0,1690.0,553.0,48 hours from listing announcement (5m intervals),AVAAIUSDT.json,
REXUSDT,2025-01-09 08:02:19+00:00,REX,$REX listed on Bybit futures,bybit,2025-01-09T08:02:19+00:00,2025-01-09T10:00:00+00:00,0.04277,0.03459,0.05397,0.03275,26.19,-23.43,30.0,640.0,553.0,48 hours from listing announcement (5m intervals),REXUSDT.json,
FLOCKUSDT,2025-01-09 08:02:19+00:00,FLOCK,$FLOCK listed on Bybit futures,bybit,2025-01-09T08:02:19+00:00,2025-01-09T10:00:00+00:00,0.3129,0.3337,0.3679,0.2701,17.58,-13.68,1755.0,620.0,553.0,48 hours from listing announcement (5m intervals),FLOCKUSDT.json,
CGPTUSDT,2025-01-10 11:04:35+00:00,CGPT,$CGPT listed on Bybit futures,bybit,2025-01-10T11:04:35+00:00,2025-01-10T11:05:00+00:00,0.33478,0.30036,0.41076,0.29759,22.7,-11.11,620.0,2865.0,576.0,48 hours from listing announcement (5m intervals),CGPTUSDT.json,
ALUUSDT,2025-01-14 08:02:04+00:00,ALU,$ALU listed on Bybit futures,bybit,2025-01-14T08:02:04+00:00,2025-01-14T10:00:00+00:00,0.15544,0.14601,0.181,0.13268,16.44,-14.64,0.0,345.0,553.0,48 hours from listing announcement (5m intervals),ALUUSDT.json,
SUSDT,2025-01-15 09:04:58+00:00,S,$S listed on Bybit futures,bybit,2025-01-15T09:04:58+00:00,2025-01-15T09:10:00+00:00,0.7241,0.7834,0.8551,0.7026,18.09,-2.97,665.0,25.0,575.0,48 hours from listing announcement (5m intervals),SUSDT.json,
VRUSDT,2025-01-16 09:56:38+00:00,VR,$VR added to Bybit futures,,,,,,,,,,,,,,,not currently listed on Bybit futures
DUCKUSDT,2025-01-16 10:38:28+00:00,DUCK,$DUCK added to Bybit futures,bybit,2025-01-16T10:38:28+00:00,2025-01-16T10:45:00+00:00,0.012213,0.008116,0.014159,0.007832,15.93,-35.87,20.0,2625.0,575.0,48 hours from listing announcement (5m intervals),DUCKUSDT.json,
WUSDT,2025-01-17 08:00:01+00:00,W,$W listed on Bybit futures,,,,,,,,,,,,,,,not currently listed on Bybit futures
PIPPINUSDT,2025-01-17 09:37:28+00:00,PIPPIN,$PIPPIN listed on Bybit futures,bybit,2025-01-17T09:37:28+00:00,2025-01-17T09:40:00+00:00,0.18109,0.11985,0.19179,0.10119,5.91,-44.12,15.0,1110.0,576.0,48 hours from listing announcement (5m intervals),PIPPINUSDT.json,
SOLVUSDT,2025-01-17 10:32:19+00:00,SOLV,$SOLV listed on Bybit futures,bybit,2025-01-17T10:32:19+00:00,2025-01-17T10:35:00+00:00,0.14638,0.08298,0.16308,0.07428,11.41,-49.26,5.0,2800.0,576.0,48 hours from listing announcement (5m intervals),SOLVUSDT.json,
NCUSDT,2025-01-17 10:40:04+00:00,NC,$NC listed on Bybit futures,bybit,2025-01-17T10:40:04+00:00,2025-01-17T10:45:00+00:00,0.20493,0.14959,0.33475,0.13538,63.35,-33.94,120.0,2780.0,576.0,48 hours from listing announcement (5m intervals),NCUSDT.json,
TRUMPUSDT,2025-01-18 13:27:44+00:00,TRUMP,$TRUMP listed on Bybit futures,,,,,,,,,,,,,,,not currently listed on Bybit futures
MELANIAUSDT,2025-01-20 05:22:08+00:00,MELANIA,$MELANIA listed on Bybit futures,bybit,2025-01-20T05:22:08+00:00,2025-01-20T05:25:00+00:00,10.777,4.118,14.496,3.28,34.51,-69.56,90.0,1170.0,576.0,48 hours from listing announcement (5m intervals),MELANIAUSDT.json,
WAXPUSDT,2025-01-22 09:00:02+00:00,WAXP,$WAXP listed on Bybit futures,,,,,,,,,,,,,,,not currently listed on Bybit futures
BUZZUSDT,2025-01-22 09:58:37+00:00,BUZZ,$BUZZ listed on Bybit futures,,,,,,,,,,,,,,,not currently listed on Bybit futures
JUSDT,2025-01-22 12:03:55+00:00,J,$J listed on Bybit futures,bybit,2025-01-22T12:03:55+00:00,2025-01-22T12:05:00+00:00,0.6645,0.368,0.7098,0.3513,6.82,-47.13,15.0,2265.0,576.0,48 hours from listing announcement (5m intervals),JUSDT.json,
VINEUSDT,2025-01-23 11:52:59+00:00,VINE,$VINE listed on Bybit futures,,,,,,,,,,,,,,,not currently listed on Bybit futures
ANIMEUSDT,2025-01-23 14:28:08+00:00,ANIME,$ANIME listed on Bybit futures,bybit,2025-01-23T14:28:08+00:00,2025-01-23T14:30:00+00:00,0.09865,0.05618,0.10056,0.05467,1.94,-44.58,25.0,2635.0,576.0,48 hours from listing announcement (5m intervals),ANIMEUSDT.json,
PLUMEUSDT,2025-01-24 09:24:35+00:00,PLUME,$PLUME listed on Bybit futures,bybit,2025-01-24T09:24:35+00:00,2025-01-24T09:25:00+00:00,0.1322,0.1483,0.15257,0.10033,15.41,-24.11,2860.0,235.0,576.0,48 hours from listing announcement (5m intervals),PLUMEUSDT.json,
MICHIUSDT,2025-01-26 09:31:55+00:00,MICHI,$MICHI listed on Bybit futures,bybit,2025-01-26T09:31:55+00:00,2025-01-27T10:00:00+00:00,0.09154,0.09428,0.1072,0.0805,17.11,-12.06,0.0,0.0,283.0,48 hours from listing announcement (5m intervals),MICHIUSDT.json,
VVVUSDT,2025-01-28 04:49:58+00:00,VVV,$VVV listed on Bybit futures,,,,,,,,,,,,,,,not currently listed on Bybit futures
BERAUSDT,2025-02-05 12:51:42+00:00,BERA,$BERA soon on Bybit futures,bybit,2025-02-05T12:51:42+00:00,2025-02-06T13:35:00+00:00,11.556,7.545,13.871,6.568,20.03,-43.16,30.0,420.0,280.0,48 hours from listing announcement (5m intervals),BERAUSDT.json,
BERAUSDT,2025-02-06 13:32:18+00:00,BERA,$BERA listed on Bybit futures,bybit,2025-02-06T13:32:18+00:00,2025-02-06T13:35:00+00:00,11.556,6.624,13.871,6.204,20.03,-46.31,30.0,2505.0,576.0,48 hours from listing announcement (5m intervals),BERAUSDT.json,
TSTBSCUSDT,2025-02-09 11:37:29+00:00,TSTBSC,$TSTBSC listed on Bybit futures,,,,,,,,,,,,,,,not currently listed on Bybit futures
ELONUSDT,2025-02-10 09:49:08+00:00,ELON,$ELON listed on Bybit futures,,,,,,,,,,,,,,,not currently listed on Bybit futures
XDCUSDT,2025-02-10 10:01:23+00:00,XDC,$XDC listed on Bybit futures,,,,,,,,,,,,,,,not currently listed on Bybit futures
SOLAYERUSDT,2025-02-11 14:22:19+00:00,SOLAYER,$SOLAYER listed on Bybit futures,bybit,2025-02-11T14:22:19+00:00,2025-02-11T14:50:00+00:00,1.021,0.8421,1.3918,0.665,36.32,-34.87,885.0,100.0,571.0,48 hours from listing announcement (5m intervals),SOLAYERUSDT.json,
B3USDT,2025-02-12 10:33:27+00:00,B3,$B3 listed on Bybit futures,bybit,2025-02-12T10:33:27+00:00,2025-02-12T10:35:00+00:00,0.012023,0.010234,0.018484,0.009295,53.74,-22.69,690.0,25.0,576.0,48 hours from listing announcement (5m intervals),B3USDT.json,
RONINUSDT,2025-02-13 07:37:49+00:00,RONIN,$RONIN listed on Bybit futures,bybit,2025-02-13T07:37:49+00:00,2025-02-13T07:40:00+00:00,1.2265,1.2455,1.3152,1.175,7.23,-4.2,85.0,65.0,576.0,48 hours from listing announcement (5m intervals),RONINUSDT.json,
IPUSDT,2025-02-13 09:35:25+00:00,IP,$IP listed on Bybit futures,bybit,2025-02-13T09:35:25+00:00,2025-02-13T09:40:00+00:00,2.43,1.7758,2.43,1.7011,0.0,-30.0,0.0,460.0,576.0,48 hours from listing announcement (5m intervals),IPUSDT.json,
HEIUSDT,2025-02-14 09:53:44+00:00,HEI,$HEI listed on Bybit futures,bybit,2025-02-14T09:53:44+00:00,2025-02-14T09:55:00+00:00,0.7997,0.6898,0.8562,0.6562,7.07,-17.94,195.0,1810.0,576.0,48 hours from listing announcement (5m intervals),HEIUSDT.json,
JAILSTOOLUSDT,2025-02-14 10:28:20+00:00,JAILSTOOL,$JAILSTOOL listed on Bybit futures,,,,,,,,,,,,,,,not currently listed on Bybit futures
BROCCOLIUSDT,2025-02-14 12:29:59+00:00,BROCCOLI,$BROCCOLI listed on Bybit futures,bybit,2025-02-14T12:29:59+00:00,2025-02-14T12:35:00+00:00,0.15431,0.09121,0.19755,0.06885,28.02,-55.38,20.0,1675.0,575.0,48 hours from listing announcement (5m intervals),BROCCOLIUSDT.json,
SHELLUSDT,2025-02-17 08:24:19+00:00,SHELL,$SHELL listed on Bybit futures,bybit,2025-02-17T08:24:19+00:00,2025-02-17T08:30:00+00:00,0.5831,0.4903,0.6077,0.3706,4.22,-36.44,395.0,850.0,575.0,48 hours from listing announcement (5m intervals),SHELLUSDT.json,
GPSUSDT,2025-02-18 08:29:30+00:00,GPS,$GPS listed on Bybit futures,bybit,2025-02-18T08:29:30+00:00,2025-02-18T08:35:00+00:00,0.1153,0.12604,0.1391,0.10353,20.64,-10.21,1330.0,30.0,575.0,48 hours from listing announcement (5m intervals),GPSUSDT.json,
AVLUSDT,2025-02-20 10:57:00+00:00,AVL,$AVL listed on Bybit futures,bybit,2025-02-20T10:57:00+00:00,2025-02-20T11:00:00+00:00,0.3082,0.3425,0.513,0.2822,66.45,-8.44,995.0,35.0,576.0,48 hours from listing announcement (5m intervals),AVLUSDT.json,
KAITOUSDT,2025-02-20 13:35:09+00:00,KAITO,$KAITO listed on Bybit futures,bybit,2025-02-20T13:35:09+00:00,2025-02-20T13:40:00+00:00,1.1016,1.6118,2.13,0.8569,93.36,-22.21,1535.0,60.0,576.0,48 hours from listing announcement (5m intervals),KAITOUSDT.json,
CPOOLUSDT,2025-03-06 10:26:08+00:00,CPOOL,$CPOOL listed on Bybit futures,bybit,2025-03-06T10:26:08+00:00,2025-03-06T10:30:00+00:00,0.17592,0.13412,0.1821,0.13125,3.51,-25.39,0.0,2350.0,576.0,48 hours from listing announcement (5m intervals),CPOOLUSDT.json,
XTERUSDT,2025-03-06 10:36:49+00:00,XTER,$XTER listed on Bybit futures,,,,,,,,,,,,,,,not currently listed on Bybit futures
REDUSDT,2025-03-06 13:35:25+00:00,RED,$RED listed on Bybit futures,bybit,2025-03-06T13:35:25+00:00,2025-03-06T13:40:00+00:00,0.7149,0.6049,0.9298,0.5673,30.06,-20.65,90.0,860.0,576.0,48 hours from listing announcement (5m intervals),REDUSDT.json,
ROAMUSDT,2025-03-07 07:30:30+00:00,ROAM,$ROAM listed on Bybit futures,bybit,2025-03-07T07:30:30+00:00,2025-03-07T10:00:00+00:00,0.3622,0.286,0.378,0.2363,4.36,-34.76,0.0,410.0,547.0,48 hours from listing announcement (5m intervals),ROAMUSDT.json,
SERAPHUSDT,2025-03-11 08:25:47+00:00,SERAPH,$SERAPH listed on Bybit futures,bybit,2025-03-11T08:25:47+00:00,2025-03-11T08:30:00+00:00,0.14538,0.13811,0.15492,0.11598,6.56,-20.22,35.0,365.0,576.0,48 hours from listing announcement (5m intervals),SERAPHUSDT.json,
ELXUSDT,2025-03-12 07:02:01+00:00,ELX,$ELX listed on Bybit futures,bybit,2025-03-12T07:02:01+00:00,2025-03-12T10:00:00+00:00,0.5255,0.4524,0.5716,0.4498,8.77,-14.41,65.0,2675.0,541.0,48 hours from listing announcement (5m intervals),ELXUSDT.json,
BMTUSDT,2025-03-13 08:40:18+00:00,BMT,$BMT listed on Bybit futures,bybit,2025-03-13T08:40:18+00:00,2025-03-13T08:50:00+00:00,0.08327,0.11558,0.12829,0.08005,54.07,-3.87,2485.0,10.0,575.0,48 hours from listing announcement (5m intervals),BMTUSDT.json,
VICUSDT,2025-03-13 08:55:59+00:00,VIC,$VIC listed on Bybit futures,,,,,,,,,,,,,,,not currently listed on Bybit futures
EPICUSDT,2025-03-14 08:25:47+00:00,EPIC,$EPIC listed on Bybit futures,bybit,2025-03-14T08:25:47+00:00,2025-03-14T08:30:00+00:00,1.5147,1.6722,1.9482,1.4557,28.62,-3.9,785.0,0.0,576.0,48 hours from listing announcement (5m intervals),EPICUSDT.json,
MUBARAKUSDT,2025-03-17 07:59:49+00:00,MUBARAK,$MUBARAK listed on Bybit futures,bybit,2025-03-17T07:59:49+00:00,2025-03-17T08:05:00+00:00,0.12352,0.13098,0.22136,0.08649,79.21,-29.98,1035.0,215.0,575.0,48 hours from listing announcement (5m intervals),MUBARAKUSDT.json,
FORMUSDT,2025-03-19 10:03:48+00:00,FORM,$FORM listed on Bybit futures,bybit,2025-03-19T10:03:48+00:00,2025-03-19T10:05:00+00:00,1.8634,1.6856,1.995,1.4649,7.06,-21.39,1550.0,210.0,576.0,48 hours from listing announcement (5m intervals),FORMUSDT.json,
TUTUSDT,2025-03-19 10:05:45+00:00,TUT,$TUT listed on Bybit futures,,,,,,,,,,,,,,,not currently listed on Bybit futures
BRUSDT,2025-03-20 13:32:48+00:00,BR,$BR listed on Bybit futures,bybit,2025-03-20T13:32:48+00:00,2025-03-20T13:35:00+00:00,0.14929,0.17826,0.19688,0.1462,31.88,-2.07,795.0,5.0,576.0,48 hours from listing announcement (5m intervals),BRUSDT.json,
SIRENUSDT,2025-03-22 03:25:38+00:00,SIREN,$SIREN listed on Bybit futures,bybit,2025-03-22T03:25:38+00:00,2025-03-22T03:30:00+00:00,0.08463,0.06639,0.0971,0.06161,14.73,-27.2,45.0,1710.0,576.0,48 hours from listing announcement (5m intervals),SIRENUSDT.json,
NILUSDT,2025-03-24 13:32:34+00:00,NIL,$NIL listed on Bybit futures,bybit,2025-03-24T13:32:34+00:00,2025-03-24T13:35:00+00:00,0.8122,0.6254,0.8491,0.5972,4.54,-26.47,1145.0,1750.0,576.0,48 hours from listing announcement (5m intervals),NILUSDT.json,
PARTIUSDT,2025-03-25 13:18:28+00:00,PARTI,$PARTI listed on Bybit futures,bybit,2025-03-25T13:18:28+00:00,2025-03-25T13:20:00+00:00,0.3333,0.3414,0.437,0.3005,31.11,-9.84,35.0,575.0,576.0,48 hours from listing announcement (5m intervals),PARTIUSDT.json,
WALUSDT,2025-03-27 10:27:33+00:00,WAL,$WAL listed on Bybit futures,,,,,,,,,,,,,,,not currently listed on Bybit futures
BANANAS31USDT,2025-03-28 09:48:35+00:00,BANANAS31,$BANANAS31 listed on Bybit futures,bybit,2025-03-28T09:48:35+00:00,2025-03-28T09:50:00+00:00,0.005596,0.00523,0.005896,0.004467,5.36,-20.18,1620.0,1045.0,576.0,48 hours from listing announcement (5m intervals),BANANAS31USDT.json,
GUNUSDT,2025-03-31 13:21:29+00:00,GUN,$GUN listed on Bybit futures,bybit,2025-03-31T13:21:29+00:00,2025-03-31T13:25:00+00:00,0.10637,0.05272,0.11613,0.05116,9.18,-51.9,40.0,2855.0,576.0,48 hours from listing announcement (5m intervals),GUNUSDT.json,
XAUTUSDT,2025-04-03 11:45:33+00:00,XAUT,$XAUT listed on Bybit futures,,,,,,,,,,,,,,,not currently listed on Bybit futures
MLNUSDT,2025-04-09 08:26:18+00:00,MLN,$MLN listed on Bybit futures,bybit,2025-04-09T08:26:18+00:00,2025-04-09T08:45:00+00:00,9.091,8.939,9.85,8.56,8.35,-5.84,515.0,1875.0,573.0,48 hours from listing announcement (5m intervals),MLNUSDT.json,
BABYUSDT,2025-04-10 10:27:46+00:00,BABY,$BABY listed on Bybit futures,bybit,2025-04-10T10:27:46+00:00,2025-04-10T10:30:00+00:00,0.08999,0.1486,0.16844,0.06961,87.18,-22.65,2720.0,370.0,576.0,48 hours from listing announcement (5m intervals),BABYUSDT.json,
PROMPTUSDT,2025-04-10 14:17:46+00:00,PROMPT,$PROMPT listed on Bybit futures,bybit,2025-04-10T14:17:46+00:00,2025-04-10T14:25:00+00:00,0.16704,0.50062,0.55545,0.10179,232.53,-39.06,2510.0,95.0,575.0,48 hours from listing announcement (5m intervals),PROMPTUSDT.json,
PUMPUSDT,2025-04-11 08:12:04+00:00,PUMP,$PUMP listed on Bybit futures,,,,,,,,,,,,,,,not currently listed on Bybit futures
RFCUSDT,2025-04-14 07:48:22+00:00,RFC,$RFC listed on Bybit futures,bybit,2025-04-14T07:48:22+00:00,2025-04-14T08:00:00+00:00,0.1152,0.09432,0.13437,0.07689,16.64,-33.26,85.0,1885.0,574.0,48 hours from listing announcement (5m intervals),RFCUSDT.json,
KERNELUSDT,2025-04-14 12:25:04+00:00,KERNEL,$KERNEL listed on Bybit futures,bybit,2025-04-14T12:25:04+00:00,2025-04-14T12:30:00+00:00,0.3387,0.2554,0.3963,0.2222,17.01,-34.4,40.0,1970.0,576.0,48 hours from listing announcement (5m intervals),KERNELUSDT.json,
WCTUSDT,2025-04-15 11:47:11+00:00,WCT,$WCT listed on Bybit futures,,,,,,,,,,,,,,,not currently listed on Bybit futures
FHEUSDT,2025-04-16 10:29:24+00:00,FHE,$FHE listed on Bybit futures,bybit,2025-04-16T10:29:24+00:00,2025-04-16T10:45:00+00:00,0.06447,0.07872,0.08348,0.05109,29.49,-20.75,2780.0,1400.0,573.0,48 hours from listing announcement (5m intervals),FHEUSDT.json,
STOUSDT,2025-04-16 10:31:21+00:00,STO,$STO listed on Bybit futures,bybit,2025-04-16T10:31:21+00:00,2025-04-16T10:45:00+00:00,0.10213,0.09399,0.10951,0.08887,7.23,-12.98,100.0,1975.0,574.0,48 hours from listing announcement (5m intervals),STOUSDT.json,
EPTUSDT,2025-04-21 12:43:24+00:00,EPT,$EPT listed on Bybit futures,bybit,2025-04-21T12:43:24+00:00,2025-04-21T12:50:00+00:00,0.01951,0.012,0.02122,0.011,8.76,-43.62,0.0,1830.0,575.0,48 hours from listing announcement (5m intervals),EPTUSDT.json,
HYPERUSDT,2025-04-22 12:16:36+00:00,HYPER,$HYPER listed on Bybit futures,bybit,2025-04-22T12:16:36+00:00,2025-04-22T12:25:00+00:00,0.2409,0.2034,0.3682,0.1985,52.84,-17.6,770.0,2660.0,575.0,48 hours from listing announcement (5m intervals),HYPERUSDT.json,
INITUSDT,2025-04-24 11:23:20+00:00,INIT,$INIT listed on Bybit futures,bybit,2025-04-24T11:23:20+00:00,2025-04-24T11:25:00+00:00,0.6682,0.8468,0.9894,0.584,48.07,-12.6,1490.0,110.0,576.0,48 hours from listing announcement (5m intervals),INITUSDT.json,
OBTUSDT,2025-04-25 10:48:35+00:00,OBT,$OBT listed on Bybit futures,bybit,2025-04-25T10:48:35+00:00,2025-04-25T11:00:00+00:00,0.0133,0.0125,0.0138,0.01206,3.76,-9.32,95.0,2310.0,574.0,48 hours from listing announcement (5m intervals),OBTUSDT.json,
ZORAUSDT,2025-04-25 11:08:11+00:00,ZORA,$ZORA listed on Bybit futures,,,,,,,,,,,,,,,not currently listed on Bybit futures
DARKUSDT,2025-04-27 07:05:05+00:00,DARK,$DARK listed on Bybit futures,bybit,2025-04-27T07:05:05+00:00,2025-04-27T07:10:00+00:00,0.03483,0.02398,0.03812,0.02061,9.45,-40.83,60.0,2740.0,576.0,48 hours from listing announcement (5m intervals),DARKUSDT.json,
CLANKERUSDT,2025-04-28 10:43:56+00:00,CLANKER,$CLANKER listed on Bybit futures,bybit,2025-04-28T10:43:56+00:00,2025-04-28T10:50:00+00:00,42.12,40.39,44.0,37.3,4.46,-11.44,1205.0,310.0,575.0,48 hours from listing announcement (5m intervals),CLANKERUSDT.json,
SIGNUSDT,2025-04-28 11:17:06+00:00,SIGN,$SIGN listed on Bybit futures,bybit,2025-04-28T11:17:06+00:00,2025-04-28T11:20:00+00:00,0.07739,0.09823,0.126,0.0665,62.81,-14.07,1145.0,1135.0,576.0,48 hours from listing announcement (5m intervals),SIGNUSDT.json,
PUNDIXUSDT,2025-04-30 11:53:25+00:00,PUNDIX,$PUNDIX listed on Bybit futures,bybit,2025-04-30T11:53:25+00:00,2025-04-30T12:00:00+00:00,0.5274,0.5164,0.5544,0.4034,5.12,-23.51,20.0,2265.0,575.0,48 hours from listing announcement (5m intervals),PUNDIXUSDT.json,
HAEDALUSDT,2025-04-30 11:56:51+00:00,HAEDAL,$HAEDAL listed on Bybit futures,bybit,2025-04-30T11:56:51+00:00,2025-04-30T12:05:00+00:00,0.0802,0.14788,0.17599,0.0802,119.44,0.0,2400.0,0.0,575.0,48 hours from listing announcement (5m intervals),HAEDALUSDT.json,
GORKUSDT,2025-05-05 10:32:05+00:00,GORK,$GORK listed on Bybit futures,bybit,2025-05-05T10:32:05+00:00,2025-05-05T10:35:00+00:00,0.07084,0.03621,0.07342,0.02411,3.64,-65.97,10.0,2065.0,576.0,48 hours from listing announcement (5m intervals),GORKUSDT.json,
MILKUSDT,2025-05-06 11:29:54+00:00,MILK,$MILK listed on Bybit futures,bybit,2025-05-06T11:29:54+00:00,2025-05-06T11:40:00+00:00,0.1205,0.1095,0.1355,0.0981,12.45,-18.59,55.0,1705.0,574.0,48 hours from listing announcement (5m intervals),MILKUSDT.json,
OBOLUSDT,2025-05-07 11:34:45+00:00,OBOL,$OBOL listed on Bybit futures,bybit,2025-05-07T11:34:45+00:00,2025-05-07T11:45:00+00:00,0.3639,0.2659,0.3682,0.2379,1.18,-34.62,0.0,2035.0,574.0,48 hours from listing announcement (5m intervals),OBOLUSDT.json,
BANKUSDT,2025-05-08 09:04:26+00:00,BANK,$BANK listed on Bybit futures,bybit,2025-05-08T09:04:26+00:00,2025-05-08T09:10:00+00:00,0.05581,0.06579,0.07929,0.05468,42.07,-2.02,955.0,0.0,575.0,48 hours from listing announcement (5m intervals),BANKUSDT.json,
SXTUSDT,2025-05-08 13:23:30+00:00,SXT,$SXT listed on Bybit futures,,,,,,,,,,,,,,,not currently listed on Bybit futures
DOODUSDT,2025-05-09 13:34:06+00:00,DOOD,$DOOD listed on Bybit futures,bybit,2025-05-09T13:34:06+00:00,2025-05-09T13:40:00+00:00,0.007295,0.006967,0.009283,0.006588,27.25,-9.69,485.0,70.0,575.0,48 hours from listing announcement (5m intervals),DOODUSDT.json,
SKYAIUSDT,2025-05-13 10:25:47+00:00,SKYAI,$SKYAI listed on Bybit futures,bybit,2025-05-13T10:25:47+00:00,2025-05-13T10:35:00+00:00,0.06019,0.07091,0.0968,0.05889,60.82,-2.16,855.0,0.0,575.0,48 hours from listing announcement (5m intervals),SKYAIUSDT.json,
LAUNCHCOINUSDT,2025-05-14 09:09:57+00:00,LAUNCHCOIN,$LAUNCHCOIN listed on Bybit futures,bybit,2025-05-14T09:09:57+00:00,2025-05-14T10:00:00+00:00,0.18889,0.21842,0.37499,0.17118,98.52,-9.38,890.0,160.0,566.0,48 hours from listing announcement (5m intervals),LAUNCHCOINUSDT.json,
NXPCUSDT,2025-05-15 06:25:04+00:00,NXPC,$NXPC listed on Bybit futures,bybit,2025-05-15T06:25:04+00:00,2025-05-15T06:30:00+00:00,2.4186,2.3148,3.62,2.2902,49.67,-5.31,150.0,2615.0,576.0,48 hours from listing announcement (5m intervals),NXPCUSDT.json,
SYRUPUSDT,2025-05-19 07:48:36+00:00,SYRUP,$SYRUP listed on Bybit futures,,,,,,,,,,,,,,,not currently listed on Bybit futures
PRAIUSDT,2025-05-19 08:20:17+00:00,PRAI,$PRAI listed on Bybit futures,bybit,2025-05-19T08:20:17+00:00,2025-05-19T08:25:00+00:00,0.08027,0.07874,0.08393,0.07705,4.56,-4.01,90.0,1615.0,576.0,48 hours from listing announcement (5m intervals),PRAIUSDT.json,
SAROSUSDT,2025-05-20 08:18:06+00:00,SAROS,$SAROS listed on Bybit futures,bybit,2025-05-20T08:18:06+00:00,2025-05-20T08:20:00+00:00,0.15211,0.17025,0.17157,0.1496,12.79,-1.65,45.0,35.0,576.0,48 hours from listing announcement (5m intervals),SAROSUSDT.json,
AWEUSDT,2025-05-22 09:32:46+00:00,AWE,$AWE listed on Bybit futures,bybit,2025-05-22T09:32:46+00:00,2025-05-22T09:35:00+00:00,0.06883,0.06629,0.072,0.0633,4.61,-8.03,30.0,2360.0,576.0,48 hours from listing announcement (5m intervals),AWEUSDT.json,
BUSDT,2025-05-23 06:18:10+00:00,B,$B listed on Bybit futures,bybit,2025-05-23T06:18:10+00:00,2025-05-23T06:20:00+00:00,0.28719,0.34235,0.351,0.12847,22.22,-55.27,2715.0,285.0,576.0,48 hours from listing announcement (5m intervals),BUSDT.json,
SOONUSDT,2025-05-23 09:03:28+00:00,SOON,$SOON listed on Bybit futures,bybit,2025-05-23T09:03:28+00:00,2025-05-23T09:05:00+00:00,0.5417,0.3983,0.6475,0.388,19.53,-28.37,60.0,2140.0,576.0,48 hours from listing announcement (5m intervals),SOONUSDT.json,
HUMAUSDT,2025-05-26 13:07:28+00:00,HUMA,$HUMA listed on Bybit futures,bybit,2025-05-26T13:07:28+00:00,2025-05-26T13:10:00+00:00,0.07251,0.05429,0.07764,0.0538,7.07,-25.8,5.0,2520.0,576.0,48 hours from listing announcement (5m intervals),HUMAUSDT.json,
AGTUSDT,2025-05-28 06:32:38+00:00,AGT,$AGT listed on Bybit futures,bybit,2025-05-28T06:32:38+00:00,2025-05-28T06:35:00+00:00,0.034618,0.03199,0.036603,0.031288,5.73,-9.62,45.0,2545.0,576.0,48 hours from listing announcement (5m intervals),AGTUSDT.json,
AUSDT,2025-05-28 08:26:08+00:00,A,$A listed on Bybit futures,bybit,2025-05-28T08:26:08+00:00,2025-05-28T08:35:00+00:00,0.7708,0.6947,0.7983,0.6782,3.57,-12.01,0.0,2345.0,575.0,48 hours from listing announcement (5m intervals),AUSDT.json,
SOPHUSDT,2025-05-28 13:07:59+00:00,SOPH,$SOPH listed on Bybit futures,bybit,2025-05-28T13:07:59+00:00,2025-05-28T13:10:00+00:00,0.07286,0.05633,0.07615,0.05012,4.52,-31.21,5.0,2665.0,576.0,48 hours from listing announcement (5m intervals),SOPHUSDT.json,
BDXNUSDT,2025-06-03 10:57:08+00:00,BDXN,$BDXN listed on Bybit futures,bybit,2025-06-03T10:57:08+00:00,2025-06-03T11:00:00+00:00,0.07488,0.05442,0.07752,0.05297,3.53,-29.26,0.0,2840.0,576.0,48 hours from listing announcement (5m intervals),BDXNUSDT.json,
LAUSDT,2025-06-05 05:54:38+00:00,LA,$LA listed on Bybit futures,bybit,2025-06-05T05:54:38+00:00,2025-06-05T06:00:00+00:00,1.4215,1.191,1.7958,0.9878,26.33,-30.51,1165.0,185.0,575.0,48 hours from listing announcement (5m intervals),LAUSDT.json,
B2USDT,2025-06-09 09:22:17+00:00,B2,$B2 listed on Bybit futures,bybit,2025-06-09T09:22:17+00:00,2025-06-09T09:25:00+00:00,0.5583,0.4752,0.5873,0.4686,5.19,-16.07,0.0,2840.0,576.0,48 hours from listing announcement (5m intervals),B2USDT.json,
SKATEUSDT,2025-06-09 10:23:29+00:00,SKATE,$SKATE listed on Bybit futures,bybit,2025-06-09T10:23:29+00:00,2025-06-09T10:25:00+00:00,0.07939,0.05016,0.08228,0.04742,3.64,-40.27,0.0,2200.0,576.0,48 hours from listing announcement (5m intervals),SKATEUSDT.json,
